{
  "task": "mbpp",
  "checkpoint": "/home/noahcylich/fmtp/checkpoints/gemma_medusa_final",
  "num_samples": 200,
  "max_steps": 100,
  "num_gpus": 2,
  "total_predictions": {
    "0": 12898,
    "1": 12745,
    "2": 12591,
    "3": 12437
  },
  "recall": {
    "head_0": {
      "1": 0.033105907892696546,
      "2": 0.06512637618235385,
      "3": 0.08675763684292138,
      "4": 0.10544270429523957,
      "5": 0.12203442394169639,
      "6": 0.13645526438207475,
      "7": 0.14886028841680882,
      "8": 0.15963715304698403,
      "9": 0.16839820127151497,
      "10": 0.17607380989300667,
      "11": 0.18374941851449836,
      "12": 0.19103737013490463,
      "13": 0.19739494495270585,
      "14": 0.2047604279733292,
      "15": 0.2104977515893937,
      "16": 0.2176306404093658,
      "17": 0.22282524422391067,
      "18": 0.22770972243758722,
      "19": 0.23406729725538844,
      "20": 0.23879671266863078,
      "21": 0.24313847108078773,
      "22": 0.2470150410916421,
      "23": 0.2519770507055357,
      "24": 0.2558536207163901,
      "25": 0.26004031632811286,
      "26": 0.26461466894092106,
      "27": 0.26856877035199256,
      "28": 0.2721352147619786,
      "29": 0.2753915335710963,
      "30": 0.2792681035819507,
      "31": 0.28353233059389055,
      "32": 0.2864009924019228,
      "33": 0.29120793921538224,
      "34": 0.29423166382384863,
      "35": 0.29694526283144673,
      "36": 0.30097689564273533,
      "37": 0.3026825864475112,
      "38": 0.306016436656846,
      "39": 0.30818731586292447,
      "40": 0.31136610327182507,
      "41": 0.31345945107768647,
      "42": 0.31656070708636996,
      "43": 0.3194293688944022,
      "44": 0.32183284230113196,
      "45": 0.32439137850829586,
      "46": 0.3272600403163281,
      "47": 0.3299736393239262,
      "48": 0.33198945572957045,
      "49": 0.33354008373391225,
      "50": 0.33617615134129325,
      "51": 0.33865715614824005,
      "52": 0.3409830981547527,
      "53": 0.3435416343619166,
      "54": 0.3454799193673438,
      "55": 0.34772832997363934,
      "56": 0.3499767405799349,
      "57": 0.3517599627849279,
      "58": 0.3537757791905722,
      "59": 0.3557140641959994,
      "60": 0.35679950379903863,
      "61": 0.3585827260040316,
      "62": 0.3599782912079392,
      "63": 0.361528919212281,
      "64": 0.364164986819662,
      "65": 0.3658706776244379,
      "66": 0.3681966196309505,
      "67": 0.370367498837029,
      "68": 0.3722282524422391,
      "69": 0.3735462862459296,
      "70": 0.37509691425027136,
      "71": 0.37625988525352766,
      "72": 0.37781051325786946,
      "73": 0.37905101566134286,
      "74": 0.38083423786633586,
      "75": 0.38292758567219726,
      "76": 0.3843231508761048,
      "77": 0.38533105907892695,
      "78": 0.3864164986819662,
      "79": 0.3878120638858738,
      "80": 0.3896728174910839,
      "81": 0.3916111024965111,
      "82": 0.39261901069933325,
      "83": 0.39494495270584584,
      "84": 0.3965731121104047,
      "85": 0.39773608311366104,
      "86": 0.39882152271670024,
      "87": 0.40029461932082494,
      "88": 0.4025430299271205,
      "89": 0.4033183439292914,
      "90": 0.40463637773298183,
      "91": 0.4057218173360211,
      "92": 0.40672972553884323,
      "93": 0.4076601023414483,
      "94": 0.4090556675453559,
      "95": 0.4101411071483951,
      "96": 0.41114901535121723,
      "97": 0.4121569235540394,
      "98": 0.4136300201581641,
      "99": 0.414482865560552,
      "100": 0.41533571096294
    },
    "head_1": {
      "1": 0.03232640251078855,
      "2": 0.06575127500980776,
      "3": 0.08622989407610827,
      "4": 0.10498234601804629,
      "5": 0.11934091800706159,
      "6": 0.13291486857591212,
      "7": 0.14335033346410356,
      "8": 0.1517457826598666,
      "9": 0.15982738328756374,
      "10": 0.16759513534719497,
      "11": 0.1747351902706944,
      "12": 0.18132601020007846,
      "13": 0.1877599058454296,
      "14": 0.19333071792859946,
      "15": 0.19858768144370342,
      "16": 0.20353079639074148,
      "17": 0.20808160062769715,
      "18": 0.21255394272263634,
      "19": 0.217104746959592,
      "20": 0.2218124754805806,
      "21": 0.22550019615535505,
      "22": 0.22950176539819536,
      "23": 0.23366025892506864,
      "24": 0.23648489603766182,
      "25": 0.24056492742251864,
      "26": 0.24299725382502943,
      "27": 0.24699882306786974,
      "28": 0.24974499803844644,
      "29": 0.2526480972930561,
      "30": 0.2557081208316987,
      "31": 0.2577481365241271,
      "32": 0.2604943114947038,
      "33": 0.26402510788544525,
      "34": 0.2672420557081208,
      "35": 0.2696743821106316,
      "36": 0.2721851706551589,
      "37": 0.27508826990976853,
      "38": 0.2775205963122793,
      "39": 0.2790898391526089,
      "40": 0.2810513927030208,
      "41": 0.2840329540996469,
      "42": 0.2858375833660259,
      "43": 0.28803452334248725,
      "44": 0.28976069046684977,
      "45": 0.29234994115339347,
      "46": 0.2943114947038054,
      "47": 0.29729305610043155,
      "48": 0.2992546096508435,
      "49": 0.3019223224794037,
      "50": 0.3037269517457827,
      "51": 0.3052961945861122,
      "52": 0.3078069831306395,
      "53": 0.30890545311887013,
      "54": 0.3107100823852491,
      "55": 0.31259317379364454,
      "56": 0.31471165162808945,
      "57": 0.3165162808944684,
      "58": 0.31839937230286386,
      "59": 0.3202824637112593,
      "60": 0.32193016869360536,
      "61": 0.32357787367595137,
      "62": 0.3262455865045116,
      "63": 0.3285209886229894,
      "64": 0.3301686936053354,
      "65": 0.3318948607296979,
      "66": 0.3334641035700275,
      "67": 0.3349548842683405,
      "68": 0.3367595135347195,
      "69": 0.33872106708513144,
      "70": 0.33997646135739507,
      "71": 0.34170262848175753,
      "72": 0.3435072577481365,
      "73": 0.3453118870145155,
      "74": 0.3468026677128286,
      "75": 0.34821498626912517,
      "76": 0.3493919183993723,
      "77": 0.35056885052961945,
      "78": 0.3525304040800314,
      "79": 0.3544134954884268,
      "80": 0.35613966261278934,
      "81": 0.3570027461749706,
      "82": 0.3584935268732836,
      "83": 0.36045508042369556,
      "84": 0.36147508826990976,
      "85": 0.36249509611612396,
      "86": 0.3636720282463711,
      "87": 0.3650843468026677,
      "88": 0.3664966653589643,
      "89": 0.36759513534719496,
      "90": 0.36837975676735973,
      "91": 0.3695566888976069,
      "92": 0.37073362102785407,
      "93": 0.37175362887406826,
      "94": 0.37245978815221653,
      "95": 0.3741074931345626,
      "96": 0.37559827383287564,
      "97": 0.3766967438211063,
      "98": 0.3780306002353864,
      "99": 0.37975676735974895,
      "100": 0.3808552373479796
    },
    "head_2": {
      "1": 0.01405766023350012,
      "2": 0.03113334921769518,
      "3": 0.0429671987927885,
      "4": 0.05218012866333095,
      "5": 0.0608371058692717,
      "6": 0.0675085378444921,
      "7": 0.07394170439202605,
      "8": 0.08085140179493289,
      "9": 0.08776109919783973,
      "10": 0.09347946946231435,
      "11": 0.09895957429910253,
      "12": 0.10571042808355174,
      "13": 0.11055515844650941,
      "14": 0.11452624890795013,
      "15": 0.11921213565245016,
      "16": 0.12318322611389088,
      "17": 0.12786911285839092,
      "18": 0.13239615598443333,
      "19": 0.13604955920895878,
      "20": 0.14041775871654355,
      "21": 0.14407116194106903,
      "22": 0.14780398697482328,
      "23": 0.1506631721070606,
      "24": 0.15312524819315385,
      "25": 0.15582558970693353,
      "26": 0.1597172583591454,
      "27": 0.1624970216821539,
      "28": 0.16495909776824716,
      "29": 0.16781828290048448,
      "30": 0.17004209355889127,
      "31": 0.1729012786911286,
      "32": 0.17504566754030657,
      "33": 0.1768723691525693,
      "34": 0.17909617981097609,
      "35": 0.18163767770629816,
      "36": 0.1847351282662219,