{
  "task": "gsm8k",
  "checkpoint": "/home/noahcylich/fmtp/checkpoints/gemma_medusa_final",
  "num_samples": 200,
  "max_steps": 100,
  "num_gpus": 2,
  "total_predictions": {
    "0": 19463,
    "1": 19428,
    "2": 19391,
    "3": 19352
  },
  "recall": {
    "head_0": {
      "1": 0.0671016801109798,
      "2": 0.13754303036530854,
      "3": 0.1779787288701639,
      "4": 0.2090633509736423,
      "5": 0.23650002568977033,
      "6": 0.25838771001387245,
      "7": 0.28114884652931205,
      "8": 0.300364794738735,
      "9": 0.3175255613214818,
      "10": 0.33324770076555515,
      "11": 0.3486101834249602,
      "12": 0.3640240456250321,
      "13": 0.3774854852797616,
      "14": 0.390433129527822,
      "15": 0.4010686944458717,
      "16": 0.4117556389045882,
      "17": 0.42259672198530546,
      "18": 0.43282125057801984,
      "19": 0.44263474284539894,
      "20": 0.45044443302676873,
      "21": 0.4589734367774752,
      "22": 0.46596105430817447,
      "23": 0.47320556954220827,
      "24": 0.4799876689102399,
      "25": 0.48697528644093924,
      "26": 0.49278117453629966,
      "27": 0.49827878538765863,
      "28": 0.5041874325643528,
      "29": 0.5097364229563788,
      "30": 0.515079895185737,
      "31": 0.5198581924677593,
      "32": 0.5252530442377845,
      "33": 0.5293634074911371,
      "34": 0.5343986024764938,
      "35": 0.5390741406771824,
      "36": 0.5435955402558701,
      "37": 0.5472434876432205,
      "38": 0.5510455736525716,
      "39": 0.5547962801212557,
      "40": 0.5578790525612701,
      "41": 0.5609104454606176,
      "42": 0.5644042542259672,
      "43": 0.5676925448286493,
      "44": 0.5710322149719982,
      "45": 0.5749370600626831,
      "46": 0.5784308688280326,
      "47": 0.5819760571340492,
      "48": 0.5851615886553975,
      "49": 0.5872167702820736,
      "50": 0.5899912654780867,
      "51": 0.5926630015927657,
      "52": 0.5945640445974413,
      "53": 0.5962595694394492,
      "54": 0.5984175101474593,
      "55": 0.6006268303961363,
      "56": 0.6028875301854801,
      "57": 0.6048399527308226,
      "58": 0.6072034116015003,
      "59": 0.6094641113908442,
      "60": 0.6118789498021888,
      "61": 0.6143965472948671,
      "62": 0.616708626624878,
      "63": 0.6181472537635514,
      "64": 0.6195345013615579,
      "65": 0.6212814057442326,
      "66": 0.6232338282895751,
      "67": 0.6250321122129168,
      "68": 0.6265221188922571,
      "69": 0.628217643734265,
      "70": 0.6297076504136053,
      "71": 0.6308380003082772,
      "72": 0.6322252479062838,
      "73": 0.6334069773416225,
      "74": 0.6351025021836305,
      "75": 0.6365925088629708,
      "76": 0.6379283769203103,
      "77": 0.6392642449776499,
      "78": 0.6408056311976571,
      "79": 0.6422442583363305,
      "80": 0.6438370240970046,
      "81": 0.6451728921543441,
      "82": 0.6468170374556852,
      "83": 0.6478446282690232,
      "84": 0.6486153213790269,
      "85": 0.6492318758670298,
      "86": 0.6506191234650363,
      "87": 0.6516467142783744,
      "88": 0.6531367209577147,
      "89": 0.6544725890150542,
      "90": 0.6560139752350614,
      "91": 0.6576067409957355,
      "92": 0.6586343318090736,
      "93": 0.6592508862970765,
      "94": 0.6606895134357499,
      "95": 0.6619740019524225,
      "96": 0.6631557313877614,
      "97": 0.6640805631197657,
      "98": 0.6647998766891025,
      "99": 0.6656219493397729,
      "100": 0.6670605764784463
    },
    "head_1": {
      "1": 0.05286184887790817,
      "2": 0.09228947910232654,
      "3": 0.13079061148857318,
      "4": 0.1609017912291538,
      "5": 0.1861231212682726,
      "6": 0.20995470455013382,
      "7": 0.22941115915173976,
      "8": 0.24742639489396748,
      "9": 0.26508132592135064,
      "10": 0.2825303685402512,
      "11": 0.2970969734403953,
      "12": 0.31320774140415897,
      "13": 0.3273110973852172,
      "14": 0.33894379246448425,
      "15": 0.35258389952645663,
      "16": 0.3643710109120856,
      "17": 0.37538604076590487,
      "18": 0.38439365863701874,
      "19": 0.3927836112826848,
      "20": 0.4018427012559193,
      "21": 0.4094091002676549,
      "22": 0.4171299155857525,
      "23": 0.42531397982293595,
      "24": 0.43272596252830964,
      "25": 0.43787317274037474,
      "26": 0.44358657607576696,
      "27": 0.4501750051472102,
      "28": 0.4551163269507927,
      "29": 0.45959439983528927,
      "30": 0.46438130533250976,
      "31": 0.4697858760551781,
      "32": 0.4749845583693638,
      "33": 0.4788449660284126,
      "34": 0.48275684578958206,
      "35": 0.4869775581634754,
      "36": 0.49016882849495574,
      "37": 0.4945954292773317,
      "38": 0.4978381717109327,
      "39": 0.5010294420424131,
      "40": 0.5046839612929792,
      "41": 0.5080296479308215,
      "42": 0.510757669343216,
      "43": 0.5137945233683343,
      "44": 0.517088737904056,
      "45": 0.5205373687461395,
      "46": 0.5228536133415689,
      "47": 0.525633106856084,
      "48": 0.5279493514515132,
      "49": 0.5307803170681491,
      "50": 0.5328906732550958,
      "51": 0.5358245830759728,
      "52": 0.5379864113650401,
      "53": 0.5398908791435042,
      "54": 0.541692402717727,
      "55": 0.5436483425983117,
      "56": 0.545810170887379,
      "57": 0.5475602223594812,
      "58": 0.5497220506485485,
      "59": 0.5518324068354952,
      "60": 0.5529133209800289,
      "61": 0.5545604282478896,
      "62": 0.5561560634136298,
      "63": 0.5577002264772494,
      "64": 0.5602223594811612,
      "65": 0.5617665225447808,
      "66": 0.5635165740168828,
      "67": 0.5653180975911056,
      "68": 0.5667593164504838,
      "69": 0.5684578958204654,
      "70": 0.5696932262713609,
      "71": 0.5710315009264978,
      "72": 0.572627136092238,
      "73": 0.5742227712579782,
      "74": 0.5761787111385629,
      "75": 0.5781861231212683,
      "76": 0.5794729256742845,
      "77": 0.5807597282273008,
      "78": 0.5825097796994029,
      "79": 0.5836936380481779,
      "80": 0.5849804406011941,
      "81": 0.5859069384393658,
      "82": 0.587656989911468,
      "83": 0.5887893761581223,
      "84": 0.5907453160387071,
      "85": 0.5923409512044472,
      "86": 0.5936792258595841,
      "87": 0.5946057236977558,
      "88": 0.5955322215359276,
      "89": 0.5965616635783405,
      "90": 0.5975911056207536,
      "91": 0.5985690755610459,
      "92": 0.5999073502161828,
      "93": 0.6010912085649578,
      "94": 0.602532427424336,
      "95": 0.6035618694667491,
      "96": 0.604591311509162,
      "97": 0.6051060325303685,
      "98": 0.6060325303685402,
      "99": 0.6071134445130739,
      "100": 0.6084002470660902
    },
    "head_2": {
      "1": 0.04027641689443556,
      "2": 0.0730235676344696,
      "3": 0.10241864782631117,
      "4": 0.12871950905059049,
      "5": 0.1549172296426177,
      "6": 0.17863957506059513,
      "7": 0.19885513898200197,
      "8": 0.2173173121551235,
      "9": 0.23149914908978392,
      "10": 0.24599040792120055,
      "11": 0.26094579959775155,
      "12": 0.2746635036872776,
      "13": 0.2859058326027539,
      "14": 0.29802485689237274,
      "15": 0.3081326388530762,
      "16": 0.31849827239440975,
      "17": 0.3275230777164664,
      "18": 0.3361353205095147,
      "19": 0.34490227425094117,
      "20": 0.35428807178588007,
      "21": 0.3618173379402816,
      "22": 0.3685214790366665,
      "23": 0.3744004950750348,
      "24": 0.3794543860553865,
      "25": 0.38590067557114127,
      "26": 0.3909029962353669,
      "27": 0.3959053168995926,
      "28": 0.40116548914444844,
      "29": 0.4058583879119179,
      "30": 0.4106028569955134,
      "31": 0.4143674900727142,
      "32": 0.4188541075756794,
      "33": 0.42308287349801454,
      "34": 0.4266927956268372,
      "35": 0.429168170800887,
      "36": 0.433242225774844,
      "37": 0.43695528853591875,
      "38": 0.44056521066474136,
      "39": 0.44396885152905985,